iter	Logloss
0	0.6743000746
1	0.6229678988
2	0.5775179267
3	0.5163928866
4	0.482539624
5	0.4365782142
6	0.4099462628
7	0.3859760165
8	0.3645904064
9	0.3452081084
